,year,min_acousticness,max_acousticness,avg_acousticness,wavg_acousticness,min_danceability,max_danceability,avg_danceability,wavg_danceability,min_duration_ms,max_duration_ms,avg_duration_ms,wavg_duration_ms,min_energy,max_energy,avg_energy,wavg_energy,min_instrumentalness,max_instrumentalness,avg_instrumentalness,wavg_instrumentalness,min_key,max_key,avg_key,wavg_key,min_liveness,max_liveness,avg_liveness,wavg_liveness,min_loudness,max_loudness,avg_loudness,wavg_loudness,min_mode,max_mode,avg_mode,wavg_mode,min_speechiness,max_speechiness,avg_speechiness,wavg_speechiness,min_tempo,max_tempo,avg_tempo,wavg_tempo,min_time_signature,max_time_signature,avg_time_signature,wavg_time_signature,min_valence,max_valence,avg_valence,wavg_valence
0,1959,0.000463,0.996,0.7979195015323997,0.06116110886819365,0.0,0.952,0.4843209719789839,0.037123553989428716,30040,2503120,216137.84106830123,16567.122376038267,0.00107,0.998,0.33149753721541186,0.025409526805940108,0.0,0.985,0.19656802627845904,0.015067081869955529,0,11,5.052320490367776,0.3872640322174646,0.0193,0.984,0.20353178633975458,0.015600859132477586,-42.911,3.575,-13.636535026269724,-1.0452503062337466,0,1,0.7217600700525394,0.055323433173926975,0.0,0.958,0.07480739929947448,0.005734041446430055,0.0,216.843,111.87282311733804,8.575133081634378,0,5,3.780429071803853,0.2897726319322147,0.0,0.989,0.5085343914185646,0.03897953016192633
1,1990,1.07e-06,0.996,0.3960700612038213,0.01565359821974383,0.0,0.985,0.5577513987718109,0.022043615910623086,30467,2849150,238760.98274685643,9436.382247905227,0.00251,0.999,0.5571027858465722,0.02201798123856312,0.0,0.993,0.07646039437469569,0.0030218903434075036,0,11,5.212691295447899,0.20601752865262823,0.014,0.997,0.21719658836143926,0.00858410786863147,-39.432,-0.835,-11.20570240764209,-0.44287508812482107,0,1,0.6737498781557657,0.026628142155450635,0.0,0.962,0.08864348377034792,0.0035033940094385306,0.0,246.381,119.53961136563021,4.724479911393622,0,5,3.8837118627546543,0.15349321005492464,0.0,0.99,0.5714197290184218,0.02258381970528734
2,1975,5.19e-06,0.996,0.4978832255390889,0.02156585209134618,0.0641,0.947,0.5194281264176634,0.022499071211485908,31280,3091707,230900.3898381975,10001.469018549573,0.00225,0.996,0.49470361560562504,0.02142812703049676,0.0,0.993,0.09604300603659471,0.0041601105567491145,0,11,5.158778164221987,0.22345289247535757,0.0156,0.996,0.21171757145017367,0.009170563692098127,-42.303,-1.036,-11.529653258732827,-0.49940786129742254,0,1,0.6831997580523211,0.029592852651433552,0.0223,0.965,0.09614935732647836,0.004164717171452531,34.009,212.553,117.32488099198554,5.08193668780132,1,5,3.8480266142446697,0.16667758331585286,0.0,0.994,0.5712369726296698,0.024743175565919144
3,1977,2.41e-06,0.996,0.4816381838590344,0.019875123940058262,0.0,0.955,0.5340424569949773,0.02203762155438848,30107,1750875,235609.21403562187,9722.572850968612,2.8e-05,0.996,0.5038004487745465,0.020789664723471598,0.0,0.988,0.09472721016288645,0.003908982106440197,0,11,5.108083422134267,0.21078850164584,0.016,0.997,0.22795944588217387,0.009406900017589285,-37.596,-1.697,-11.552352260618054,-0.4767155941402619,0,1,0.7008677119805146,0.028921778023469943,0.0,0.966,0.12171793271426402,0.005022772445159191,0.0,213.187,118.90166752930422,4.906557366133125,0,5,3.8410717004110215,0.15850440988014305,0.0,1.0,0.5728135484853104,0.023637536749001153
4,1924,0.000847,0.996,0.8331618904810651,2.097935997422677,0.0,0.869,0.6287686796315253,1.5832654639175239,97493,1031014,169449.30399181167,426680.33505154634,0.019,0.897,0.312313101330604,0.7864172680412377,0.0,0.993,0.21753552427840323,0.5477634206701025,0,11,3.9580348004094166,9.96649484536089,0.0353,0.905,0.20658884339815758,0.5201992268041239,-27.997,-1.06,-15.531295803480054,-39.10844329896915,0,1,0.7308085977482088,1.8402061855670044,0.0,0.965,0.5814400204708294,1.4640899484536078,0.0,213.448,113.41481780962123,285.5831881443295,0,5,3.6509723643807575,9.193298969072178,0.0,0.977,0.6101864892528139,1.5364747422680418
5,2003,1.16e-06,0.996,0.313889044057324,0.008708988344534603,0.0624,0.982,0.5918666827911465,0.01642159909539612,30480,2222355,241708.54323376465,6706.30888733052,2.03e-05,0.999,0.6398607619180097,0.01775321574030884,0.0,0.992,0.0483072872922966,0.0013403067419832197,0,11,5.309710968678195,0.14732024520938983,0.0131,0.993,0.21535970492199896,0.005975248883505409,-37.633,0.226,-7.821840367638191,-0.2170203703641559,0,1,0.632603700568388,0.01755186540997303,0.0222,0.958,0.08536615068327484,0.0023685210598897418,47.956,216.064,120.94138638287563,3.3555714808191124,1,5,3.9221187568025155,0.10882089447070166,0.0237,0.992,0.567098597170156,0.015734397763990982
6,2007,0.0,0.996,0.30773461196462293,0.008006275666174782,0.0808,0.983,0.58919699292453,0.0153290314564203,30279,3600120,241627.2699292453,6286.3729210322,0.000487,0.999,0.6594652708726412,0.017157188517624215,0.0,0.989,0.04868978564976422,0.0012667533351230172,0,11,5.337853773584905,0.13887397489745068,0.0123,0.996,0.21281712264151037,0.005536824536805505,-41.496,0.861,-7.268141273584951,-0.18909391519376056,0,1,0.6259433962264151,0.0162850559760471,0.0216,0.965,0.08341817216981087,0.002170275477614178,36.69,216.674,121.52236132075495,3.161625265767328,1,5,3.927358490566038,0.10217737457164447,1e-05,0.986,0.5560103231132053,0.01446561987832235
7,2018,0.0,0.996,0.27754633577871723,0.00659216037641023,0.0,0.984,0.6377954706841955,0.015148641823361838,4937,4548907,225810.82324153153,5363.360886609677,1.99e-05,1.0,0.6558989497265123,0.015578627817891709,0.0,1.0,0.08938914845792165,0.0021231323443418808,0,11,5.380097879282219,0.12778575498575548,0.0,0.998,0.19701094904519825,0.004679318746438682,-46.251,0.811,-7.231712791478741,-0.17176451054131062,0,1,0.5702907590442376,0.01354529914530024,0.0,0.962,0.105921955666443,0.00251581242165242,0.0,229.862,121.37084876691317,2.882747840455839,0,5,3.938489588331254,0.09354529914529032,0.0,0.987,0.49093553814413265,0.011660488303133926
8,1974,2.94e-06,0.996,0.5229348475491793,0.022950281104050438,0.0,0.946,0.5174785714285725,0.022710819015539677,30067,3153173,235631.06030312803,10341.248237991464,0.00185,0.996,0.4936152547565298,0.021663518709841845,0.0,1.0,0.10693658498710114,0.004693174871139854,0,11,5.159625927120284,0.22644286563445135,0.0188,0.995,0.21790896485004882,0.00956347051996946,-46.728,2.183,-11.652930506288323,-0.5114174969571752,0,1,0.6909061593034505,0.030322114976363352,0.0,0.967,0.09378721380199924,0.0041160823968977335,0.0,218.403,117.329356981619,5.149287214469714,0,5,3.848919703321509,0.1689193014237488,0.0,0.992,0.5806890003224774,0.025484964052195094
9,2015,0.0,0.996,0.29019760670682404,0.00765169400480936,0.0,0.985,0.5939919811764675,0.015661896501664017,29347,5042185,234384.6424470588,6180.0632465015115,0.0,1.0,0.6584502648847036,0.017361479997915392,0.0,0.999,0.09839311465411764,0.002594349464342875,0,11,5.245929411764706,0.13832039169850247,0.0,0.995,0.2142403388235297,0.005648914664621808,-44.993,1.023,-7.3550120470588585,-0.193930963885022,0,1,0.6107294117647059,0.016103215431688675,0.0,0.951,0.08605678117647092,0.0022690750763717693,0.0,216.196,121.81594691764677,3.2119436176522367,0,5,3.9175529411764707,0.10329484344715928,0.0,0.992,0.5104115924705894,0.01345811692388626
10,1927,0.000235,0.996,0.9054296001683507,1.3755119757033276,0.0682,0.919,0.6539235690235701,0.9934286445012798,85226,669120,170649.29713804714,259247.2698209718,0.0142,0.921,0.28175462962962944,0.4280364450127878,0.0,0.98,0.2660942216582494,0.4042454415984653,0,11,4.551346801346801,6.914322250639454,0.0421,0.912,0.1834481481481481,0.278691048593351,-34.482,-2.661,-15.220560606060593,-23.12279539641941,0,1,0.7441077441077442,1.1304347826086827,0.0244,0.965,0.36992744107744113,0.5619869565217385,44.299,218.51,111.22826599326586,168.97593350383636,1,5,3.742424242424242,5.685421994884845,0.0367,0.974,0.6848996632996629,1.0404869565217383
11,1955,3.11e-06,0.996,0.864469445440063,0.12604293913989947,0.0,0.928,0.49266727861771054,0.07183276649346582,27960,3192027,225266.6398488121,32844.73445126747,0.00384,0.997,0.2913149946004319,0.042474836246260333,0.0,0.983,0.24573993325054047,0.035829818641158855,0,11,5.166306695464363,0.7532672020154165,0.0206,0.985,0.2284714362850981,0.033312005983309696,-36.524,-2.216,-14.106574244060464,-2.0567922768068065,0,1,0.6768358531317494,0.09868524641788112,0.0,0.965,0.10652556695464344,0.015531833569516644,0.0,209.878,110.79017764578825,16.153630058258557,0,5,3.79292656587473,0.5530231459612426,0.0,0.987,0.48804341252699807,0.07115858919855145
12,2006,0.0,0.995,0.3107454209841095,0.008245414199829522,0.0,0.973,0.5925512485811587,0.015722936362842357,6373,4368000,239542.81906923951,6356.102547112698,0.00453,0.999,0.6554228660612913,0.017391191122301728,0.0,0.978,0.04885735201702611,0.0012963959462748036,0,11,5.267423382519864,0.1397674257506283,0.0,0.996,0.20884261861521058,0.0055414940230044275,-36.703,1.585,-7.367045289443818,-0.19547943666553255,0,1,0.638933030646992,0.01695364477761866,0.0,0.962,0.07896054483541413,0.002095163286880725,0.0,217.416,121.70378762769585,3.229325585878084,0,5,3.9348467650397274,0.10440842953649017,0.0,0.994,0.5669544154370033,0.01504374215039319
13,1978,0.0,0.996,0.44794981963815766,0.018281562199186946,0.0,0.956,0.532304887218045,0.02172422998734221,31265,3441840,236697.52271303258,9660.011666858429,0.0,0.997,0.5272676519423565,0.021518652206154877,0.0,0.982,0.08747899832550136,0.0035701604932044527,0,11,5.18530701754386,0.2116208302967539,0.0116,0.992,0.2249290413533834,0.009179720762533072,-53.986,-0.926,-11.149395363408527,-0.45502499584468054,0,1,0.6849937343358395,0.027955710687484554,0.0,0.965,0.0925575971177946,0.003777426386917774,0.0,211.754,118.763319548872,4.846924628898019,0,5,3.867481203007519,0.15783821103910534,0.0,1.0,0.5922277412280705,0.024169779320573223
14,1925,0.0,0.996,0.9120581509846838,0.6527965152701638,0.0,0.934,0.61602625820569,0.4409146436961626,3344,1335000,189618.1772428884,135717.31714956937,0.0,0.867,0.2630206783369804,0.188254424432263,0.0,0.98,0.276829392199125,0.19813787350822235,0,11,5.070021881838074,3.6288175411119896,0.0,0.955,0.2554599562363236,0.18284291307752534,-60.0,-2.937,-15.004440919037211,-10.739278778386836,0,1,0.7636761487964989,0.5465935787000812,0.0,0.969,0.3081784463894969,0.22057564604541896,0.0,212.162,113.55652078774611,81.27694596711041,0,5,3.7582056892778994,2.6898981989037227,0.0,0.97,0.633016192560176,0.45307501957713403
15,1961,0.000754,0.996,0.7772017753276462,0.06123400206516766,0.0,0.922,0.4960626794258373,0.03908367698157733,30760,2445107,223950.39400873726,17644.5542516226,0.000978,0.98,0.35054542292490165,0.027618695469743604,0.0,0.98,0.2333816783503223,0.018387624202288098,0,11,4.894736842105263,0.38564544679734397,0.0165,0.982,0.20955350530476285,0.016510255359601368,-47.013,-1.787,-13.49772165591847,-1.0634555169474857,0,1,0.6898273351362596,0.05434996394152238,0.0,0.965,0.06902644060744755,0.0054384399790205215,0.0,218.431,112.8236234657788,8.889122762735207,0,5,3.7776159767006448,0.2976299744312606,0.0,0.99,0.5445130434782611,0.04290097357896811
16,2013,1.15e-06,0.996,0.276477929882677,0.007528495640545364,0.0,0.979,0.5919901788248669,0.01611989601636525,29002,5403500,238440.4546314694,6492.734967975329,2.02e-05,1.0,0.6725199336550288,0.01831272170928904,0.0,0.998,0.10518961396726266,0.0028643138008131066,0,11,5.313463903869808,0.14468565304094474,0.0147,0.99,0.20653719367962947,0.005624008986494485,-32.703,1.259,-7.198356135869053,-0.19601127949337616,0,1,0.6120730438073612,0.01666675254677403,0.0,0.958,0.08229172107105709,0.002240804043922518,0.0,213.87,122.6372537609984,3.3394131339884137,0,5,3.930078531554546,0.10701606129778447,0.0,0.991,0.5209273431734351,0.014184854587801183
17,1942,0.00502,0.996,0.9449840615835768,0.7097787775330427,0.071,0.899,0.45988577712609907,0.34542081497797317,17867,2187828,234734.49340175954,176309.38821585942,0.00581,0.999,0.23816587243401738,0.1788867015418502,0.0,0.979,0.4442768632111435,0.3336969391079294,0,11,5.180351906158358,3.8909691629955505,0.0281,0.958,0.20337558651026383,0.15275567180616742,-38.545,0.214,-14.39587976539588,-10.812764317180616,0,1,0.749266862170088,0.5627753303964638,0.0257,0.885,0.08689134897360694,0.0652642070484581,35.734,213.49,105.67935263929603,79.37590143171793,1,5,3.7947214076246336,2.850220264317111,0.0294,0.972,0.46865923753665645,0.3520105726872246
18,1939,0.00021,0.996,0.9213065268352856,0.29655239872914985,0.0,0.891,0.5261707587908698,0.16936513105639409,18227,3615539,219547.37446020974,70668.44598888,0.012,0.97,0.30583164713140004,0.09844183876092133,0.0,0.993,0.31367720397285614,0.1009671857903098,0,11,5.27143738433066,1.6967831612390953,0.0319,0.948,0.2346376927822333,0.07552575456711684,-32.814,-1.593,-12.353209130166574,-3.976281175536132,0,1,0.7131400370141888,0.2295472597299466,0.0,0.967,0.12011264651449707,0.038662152501985646,0.0,215.275,114.13783960518182,36.738967037331186,0,5,3.8297347316471315,1.2327243844321014,0.0,0.983,0.5737840838988284,0.18469102462271633
19,1944,0.00582,0.996,0.9216793883357023,0.5120036428289204,0.0574,0.859,0.5168733285917486,0.2871291584354011,18360,3091373,228760.38549075392,127079.06045041505,0.000179,0.947,0.26120983570412465,0.14510510825760584,0.0,0.97,0.4220389885348501,0.2344475771947848,0,11,5.61379800853485,3.118530225207453,0.0309,0.97,0.2216751066856333,0.12314310549190054,-47.416,1.83,-13.484932432432451,-7.491037139470574,0,1,0.6507823613086771,0.36151718688265955,0.0258,0.962,0.1433494310099575,0.07963227973133144,44.467,216.001,105.98143456614515,58.873922165151974,1,5,3.728307254623044,2.0711181351244727,0.0316,0.974,0.5629231152204841,0.31271035163966737
20,1922,0.123,0.996,0.8988571428571435,16.51650000000001,0.146,0.868,0.5333197278911567,9.799750000000003,40000,311000,166642.02040816325,3062047.125,0.00399,0.926,0.3240540476190476,5.954493125,0.0,0.981,0.3249710473809523,5.971342995624998,0,11,4.850340136054422,89.125,0.0498,0.966,0.2506704081632657,4.606068750000007,-30.026,-3.088,-13.95324149659865,-256.3908125000002,0,1,0.7380952380952381,13.5625,0.0255,0.967,0.24629523809523818,4.5256750000000014,41.694,207.589,109.12040476190482,2005.087437500001,1,5,3.7006802721088436,68.0,0.0539,0.969,0.563605102040816,10.356243749999994
21,1952,0.000119,0.996,0.8817714244256306,0.21395353584352053,0.0,0.919,0.46288109633212465,0.11231374083129593,14960,2365506,229373.10842402256,55655.22562347176,0.0029,1.0,0.2709784683595325,0.06575037457212714,0.0,0.982,0.29325479515920977,0.07115551557848424,0,11,5.042724707779121,1.2235696821516007,0.0274,0.983,0.21794482063683998,0.0528822591687041,-41.785,-2.672,-15.008544135429307,-3.641681955990215,0,1,0.7287384119306731,0.17682151589241943,0.0,0.97,0.11809105199516307,0.028653682151589244,0.0,210.818,110.33973155985488,26.772897212713946,0,5,3.7214832728738414,0.9029828850855789,0.0,0.986,0.46803755102780986,0.11356490602444977
22,1934,6.14e-05,0.996,0.901391568141594,1.1011594291891877,0.0,0.956,0.5562499999999997,0.6795270270270272,14629,921187,184590.83407079647,225500.1540540543,0.00251,0.971,0.31929823008849595,0.3900616216216213,0.0,0.982,0.26418778273230065,0.32273750755405434,0,11,5.002212389380531,6.110810810810808,0.0357,0.906,0.19785851769911503,0.24170824324324303,-32.63,0.674,-12.223808628318585,-14.932868918918931,0,1,0.7267699115044248,0.8878378378378301,0.0,0.942,0.10628174778761061,0.1298360810810812,0.0,207.9,117.52162610619474,143.56695945945955,0,5,3.875,4.733783783783797,0.0,0.976,0.5783210176991153,0.7064894594594593
23,1956,7.88e-06,0.996,0.8230438465980421,0.07775626353244368,0.0694,0.917,0.5025676531137421,0.04747958816522012,15462,3246840,213467.23082861555,20167.108137019033,0.00203,0.996,0.3246739140504366,0.03067325091775465,0.0,0.98,0.21588567700977854,0.020395588477864466,0,11,5.056870818322182,0.4777429314662096,0.0203,0.999,0.20370465774575297,0.019244798580215418,-40.233,-2.101,-13.743276376737011,-1.2983826125009108,0,1,0.6971178589809572,0.06585952884545174,0.0252,0.965,0.09456042202779198,0.008933503512994443,39.84,213.703,112.51597529593383,10.62983687063916,1,5,3.8108594956253214,0.3600272287457948,0.0,0.984,0.5401700463201237,0.051032037536770936
24,1988,1.34e-06,0.996,0.4000348227202588,0.01562550266391362,0.0598,0.974,0.5505661637682815,0.021505310463029212,34124,4252694,244382.7278590349,9545.676396892455,0.00187,1.0,0.5550711263388234,0.02168127590565767,0.0,0.999,0.08484680816307752,0.0033141465484464432,0,11,5.27052861914085,0.20586872517397306,0.0155,0.997,0.21215207877461725,0.008286735763415647,-42.137,-0.012,-11.293002533686467,-0.44110870142197145,0,1,0.6720027640216515,0.026248667323448202,0.0218,0.968,0.09670373142922987,0.003777282194541543,36.959,224.437,119.09716802948297,4.651977804468774,1,5,3.8681331337095473,0.15109065799358862,1e-05,0.996,0.5659355303466557,0.022105643395997177
25,1997,1.32e-06,0.996,0.3593173131583703,0.011756078401960178,0.0,0.98,0.578633930177423,0.018931639528880623,30133,3218360,240819.4975880958,7879.088456610279,0.000207,1.0,0.5911041703049628,0.01933963857390872,0.0,0.992,0.06761010332515748,0.0022120550453544746,0,11,5.165317635516311,0.16899792153182744,0.0108,0.998,0.2203583762570521,0.007209645215911877,-44.727,-0.81,-9.728868612541913,-0.31830735114342534,0,1,0.6527675578448205,0.02135713005540105,0.0,0.965,0.10977409042596656,0.003591568695112531,0.0,239.906,119.18929850380275,3.8996137580149304,0,5,3.8954296459815225,0.1274499576014048,0.0,0.991,0.5712157272504306,0.018688932116747183
26,1994,1.31e-06,0.996,0.3682571624025354,0.012281489168548107,0.0,0.976,0.5720140676013036,0.019076844370574685,30720,3682254,240938.1177261379,8035.360028950113,2.03e-05,1.0,0.5582053505185316,0.018616319426057022,0.0,0.997,0.07287207942769376,0.002430306170671332,0,11,5.247743422316113,0.17501385059293417,0.0127,0.992,0.21289430574227014,0.007100090309068398,-43.401,-0.206,-10.952886594968282,-0.36528212296764734,0,1,0.6745726906087959,0.02249720586304197,0.0,0.969,0.09940334165546373,0.003315131892871722,0.0,231.251,120.05803927405441,4.003972385280274,0,5,3.885346648742078,0.1295775008726444,0.0,0.996,0.5696351277126934,0.0189975059965861
27,1968,0.0,0.996,0.5732547309988509,0.026884819658625835,0.0,0.918,0.502013260619979,0.023543697501615318,32213,1623027,202836.48105625718,9512.738261899622,0.0,0.989,0.45711092805204845,0.0214378428997057,0.0,0.991,0.11181734939341761,0.005244072330479577,0,11,5.078071182548794,0.23815421063967623,0.0,0.98,0.22557005357826257,0.010578910007897199,-60.0,-2.019,-11.661009567546877,-0.5468845215019036,0,1,0.7183314198239571,0.03368870701414337,0.0,0.963,0.09448714121699203,0.0044313105750592215,0.0,238.895,114.1938319938768,5.355525935099421,0,5,3.8101798698813623,0.17869193768395514,0.0,1.0,0.5726267125908917,0.026855366501543566
28,2014,1.22e-06,0.996,0.28520005279362515,0.007755899343025857,0.0,0.975,0.6009291654662438,0.01634202404239143,22655,4786672,237899.39508306925,6469.5772106542945,2.02e-05,1.0,0.6708008897147812,0.018242157141551186,0.0,0.999,0.09549842536252792,0.0025970408044250974,0,11,5.360318832228945,0.14577168868679946,0.0112,0.991,0.20991938922500814,0.005708672340803369,-45.353,1.933,-7.116212042639021,-0.19352248979517245,0,1,0.6223950830692404,0.016925780933752816,0.0,0.953,0.08260819168347253,0.002246496146583901,0.0,217.648,122.89923153750152,3.3421945746617214,0,5,3.934312878133103,0.10699203723097969,0.0,0.988,0.5306993037549231,0.014432151540713523
29,1951,0.000108,0.996,0.863875627068306,0.23059511359003437,0.0,0.882,0.488769028425965,0.13046756511891278,19597,3016635,221644.01994060245,59163.641562853874,0.00121,0.953,0.28947124734832397,0.07726882559456391,0.0,0.992,0.295196893428086,0.07879717755492627,0,11,5.165464573610522,1.3788221970554924,0.0301,0.974,0.20929868476877417,0.05586828992072482,-40.205,-1.843,-14.398671616461586,-3.8434506228765497,0,1,0.714891811624947,0.19082672706681458,0.0,0.962,0.14468158676283388,0.03861998867497169,0.0,213.565,108.77980992787413,29.036694450736164,0,5,3.739075095460331,0.998074745186826,0.0,0.98,0.4883927450148502,0.1303671234428088
30,1930,4.85e-05,0.996,0.9201913932698833,0.6892064865071266,0.0934,0.907,0.5221647858599583,0.3910918533604885,30000,1803280,199710.11692726036,149579.21690427684,0.00384,0.988,0.33988984364377944,0.2545712627291246,0.0,0.982,0.3098669411352818,0.23208465906822803,0,11,5.405846363018354,4.048879837067229,0.0285,0.969,0.21873997280761373,0.16383223014256618,-40.68,0.523,-13.024073419442539,-9.754792260692456,0,1,0.6947654656696125,0.520366598777995,0.0244,0.966,0.12577355540448684,0.09420208757637488,40.145,211.253,110.65091162474498,82.8755045824848,1,5,3.7892590074779062,2.83808553971481,0.0344,0.986,0.5884440516655343,0.4407338085539715
31,1938,0.0,0.996,0.9337306567818039,0.7183009005832784,0.0,0.911,0.509778180286437,0.3921624756966949,5991,1793996,236839.700926706,182196.19248217758,0.0,1.0,0.3007020471777588,0.23132425793907996,0.0,0.984,0.3726619481465878,0.2866816153272846,0,11,5.2106149957877,4.008425145819815,0.0,0.979,0.23517169334456628,0.18091302657161396,-60.0,-0.637,-12.96494271272115,-9.973679196370714,0,1,0.7540016849199663,0.5800388852883941,0.0,0.962,0.09846731255265372,0.07574899546338291,0.0,211.773,112.91267228306668,86.86153078418675,0,5,3.818028643639427,2.9371354504212586,0.0,0.976,0.5471816175231677,0.4209362151652621
32,1973,3.85e-06,0.996,0.5146822782318385,0.020233068323440125,0.0,0.942,0.518485915242167,0.020382596004424075,14708,2052573,229509.39298433048,9022.419122485262,0.00553,0.998,0.5027818162393163,0.019765240168558993,0.0,0.988,0.10465370760861836,0.0041141218687787825,0,11,5.066773504273504,0.19918380489716866,0.0166,0.99,0.22840607193732265,0.008979045625726238,-40.529,3.744,-11.557777777777781,-0.45435663386019765,0,1,0.6958689458689459,0.027355835864986498,0.0,0.964,0.12024034900284893,0.0047268602388385594,0.0,215.918,116.8185585826208,4.592343620938279,0,5,3.8509615384615383,0.15138809167144743,0.0,0.989,0.57457735042735,0.022587649274104372
33,1979,0.0,0.996,0.4384388017320105,0.016891958537712963,0.0,0.947,0.5644309437132455,0.02174612297301669,30400,5621218,220149.00168020162,8481.794480347808,0.0,0.997,0.549863514421731,0.02118487608834041,0.0,0.989,0.08422945228087385,0.0032451516835694284,0,11,5.113973676841221,0.19702870952776483,0.0,0.995,0.2326839260711288,0.008964733997216463,-60.0,-0.173,-10.86637160459249,-0.4186543204548649,0,1,0.6832819938392607,0.026325158868014977,0.0,0.964,0.16292411089330672,0.0062770615080863425,0.0,232.851,118.00343825259046,4.546379513847673,0,5,3.8538224586950434,0.14847821161542746,0.0,0.997,0.6102951694203302,0.02351315772438427
34,1946,0.00147,0.996,0.9269153636839298,0.6012679090291929,0.0,0.9,0.4381100470957614,0.284191547861507,18360,3569933,246451.86132914704,159867.44976238933,0.00239,0.997,0.2475234641548927,0.16056257298031223,0.0,0.979,0.48785957897435955,0.31646288371350983,0,11,5.3636839351125065,3.4792939579090327,0.0359,0.986,0.20896007326007357,0.13554742023082123,-39.384,-1.033,-15.70555939298797,-10.187822131704012,0,1,0.706436420722135,0.4582484725051044,0.0,0.959,0.07321009942438514,0.047489646978954636,0.0,210.818,105.01012663526932,68.11756687033261,0,5,3.746729461015175,2.430414120841891,0.0,0.995,0.44146436420722107,0.2863674134419552
35,1947,0.00177,0.996,0.9080806820566583,0.5663618390052372,0.0,0.916,0.4817109653725072,0.30043884162303636,13600,1355640,222979.20461699896,139070.145287958,0.00258,0.98,0.2690940818467992,0.1678315837696334,0.0,0.985,0.34709624997376715,0.2164808417702878,0,11,5.309548793284365,3.3115183246073374,0.0307,0.977,0.2264662119622244,0.14124496073298448,-35.764,-1.998,-14.146552990556138,-8.823079188481701,0,1,0.7098635886673662,0.4427356020942504,0.0,0.962,0.11449055613850996,0.07140674083769637,0.0,215.023,107.80335047219324,67.23599018324605,0,5,3.732423924449108,2.3278795811518305,0.0,0.979,0.5094344176285414,0.317729712041885
36,2019,0.0,0.996,0.28536936421548187,0.0065167602547125236,0.0,0.977,0.6432408101521178,0.014689194676984093,6360,4864333,214383.4196991344,4895.708944109858,1.97e-05,1.0,0.6471910465081114,0.014779403180452094,0.0,1.0,0.0902951265543321,0.0020620002204553038,0,11,5.37272039667199,0.12269267528758543,0.0,0.989,0.19621068997394858,0.004480712319933682,-42.607,1.221,-7.396004117993087,-0.16889684641632968,0,1,0.5601311034540718,0.012791282352443483,0.0,0.958,0.11105422304395393,0.0025360597092838055,0.0,214.016,122.24919531053077,2.7917106636881237,0,5,3.9434406252626273,0.09005331460222912,0.0,0.982,0.4908572407765362,0.011209328535402963
37,1971,4.14e-06,0.995,0.5454903783986755,0.02355710911030388,0.0,0.908,0.5012639425731632,0.02164718179433573,31573,3355774,235310.05558623228,10161.910958849665,0.00211,0.99,0.47712421130130656,0.020604702758987986,0.0,0.983,0.11585179871709952,0.005003082677672954,0,11,5.103073808209093,0.22037724450945925,0.015,0.986,0.21325475796061213,0.009209448599839451,-42.474,-2.211,-11.65368893797163,-0.5032668452470855,0,1,0.6940916620651574,0.029974484726604893,0.0,0.965,0.08007454445057968,0.003458034926514419,0.0,208.282,116.67214540769436,5.038509510599549,0,5,3.8441008650837474,0.16600825073326647,0.0,0.985,0.5688638137309044,0.02456649550501961
38,1950,3.22e-05,0.996,0.8382912970271952,0.253920594041575,0.0,0.929,0.5163458570524976,0.15640249066002523,9680,3659207,215258.35800126503,65202.3113325032,0.00146,0.989,0.29959145161290296,0.09074702270332405,0.0,0.994,0.22325431984187233,0.06762430877861868,0,11,5.319418089816572,1.6112654468818741,0.0208,0.979,0.21931220746363012,0.06643023278091781,-37.791,-0.004,-13.943180581910156,-4.223425328096569,0,1,0.6944971537001897,0.21036497748827032,0.0,0.969,0.1827839658444025,0.055365734265734254,0.0,216.359,110.20605755850748,33.38169882172624,0,5,3.7311827956989245,1.1301848836095845,0.0,0.982,0.5477712523719163,0.16592132388159792
39,1949,0.0,0.996,0.9034269015280081,0.2546325852374711,0.0,0.946,0.46815895585738593,0.13195148941260923,5108,3591105,218173.29499151104,61492.556884794896,0.0,0.993,0.26160133276740233,0.07373283167843041,0.0,0.988,0.3006124153735144,0.08472817928221084,0,11,5.087436332767402,1.4339035769829211,0.0,0.988,0.20392546689303923,0.05747677951908118,-60.0,-1.792,-14.47794482173176,-4.080636200502449,0,1,0.7088285229202037,0.19978466323723043,0.0,0.954,0.11764443972835295,0.03315830841009688,0.0,210.04,108.58549915110369,30.605028831199856,0,5,3.7504244482173177,1.057064242134251,0.0,0.984,0.4819311969439732,0.13583322167723377
40,1966,6.12e-06,0.996,0.6395934581887519,0.02718274356719373,0.0,0.933,0.49891048617731115,0.0212037125069213,31602,3550974,210756.95233555767,8957.177589909117,0.00365,0.992,0.4453792055926276,0.018928631274730934,0.0,0.988,0.11793273943438175,0.005012145407646496,0,11,5.1226564982523035,0.21771307412859836,0.019,0.985,0.21179345408325342,0.00900122894918093,-33.159,-1.155,-11.663920877025747,-0.4957170310748583,0,1,0.7200508420718145,0.030602185098653145,0.0,0.925,0.058051858913250744,0.0024672059637797657,0.0,209.953,115.27631013663797,4.899247072805105,0,5,3.805846838258659,0.1617486191202886,0.0,0.983,0.5914188115665722,0.025135319459262374
41,2004,1.07e-06,0.995,0.3074190744046174,0.008613473182521501,0.0,0.978,0.585427187184945,0.01640289037660585,30413,1646320,241502.53702251596,6766.579563038093,2.03e-05,0.999,0.6520523154811251,0.01826963777011947,0.0,0.997,0.060664455402710656,0.0016997372747788056,0,11,5.296628206564355,0.1484044706835055,0.0157,0.999,0.20888839475747828,0.005852774717600578,-36.238,2.854,-7.531343564467316,-0.21101821982429883,0,1,0.6404167133415481,0.017943623689224336,0.0,0.962,0.07783444606250714,0.0021808175538041994,0.0,211.687,121.07383544303781,3.3923276774981352,0,5,3.9239386131959226,0.10994353580722863,0.0,0.994,0.5599139240506337,0.01568804271065788
42,1991,1.39e-06,0.996,0.3901444828246025,0.0144137014337908,0.0,0.979,0.5643020190515624,0.0208478683645805,30267,3312720,234129.77510871817,8649.81263029846,0.00198,0.999,0.5418562497411482,0.020018620146202454,0.0,0.98,0.08245145710809648,0.0030461296720973073,0,11,5.2490163594947195,0.19392240043760917,0.0123,0.994,0.2155506005384144,0.007963413906411353,-47.14,-0.795,-11.472252329674873,-0.42383687872725395,0,1,0.6765375854214123,0.02499435771692373,0.0,0.967,0.10328897287222996,0.003815961731932308,0.0,229.951,118.58599202733465,4.381102792834498,0,5,3.876061296334645,0.1431992318844653,0.0,0.987,0.5651233071029197,0.020878210459071653
43,1967,5.38e-06,0.995,0.6017241027656313,0.027760490257100787,0.0,0.937,0.5113226278968076,0.02358982590978789,32200,3577980,195791.83165719282,9032.839486000163,0.00305,0.991,0.436914064276345,0.020156993161462102,0.0,0.988,0.11243509683428063,0.005187183620995732,0,11,5.072365544381285,0.23401315258613406,0.0146,0.977,0.20465470048097972,0.009441727184701062,-41.594,-1.101,-11.672062745955401,-0.5384896211571041,0,1,0.6985133362483603,0.032225853304285554,0.0,0.96,0.0860167686926103,0.003968376301137742,0.0,233.013,115.13199912549175,5.3116049786169635,0,5,3.804984696108439,0.17554264504156047,0.0,0.986,0.5704577612592927,0.026318020253368907
44,1969,0.0,0.995,0.5472430578606766,0.023571973388207525,0.0,0.974,0.4915510468214698,0.02117309306748871,32360,3557955,221756.37209744955,9551.944472683153,0.0,0.978,0.4571770213170903,0.01969246466518001,0.0,0.976,0.12027161482679867,0.005180585232340779,0,11,5.143509706889988,0.22155178067816605,0.0,0.99,0.2067384468976015,0.008905061651472536,-60.0,-1.184,-11.88525142748383,-0.5119458827966163,0,1,0.6973734297677959,0.030038696136943897,0.0,0.957,0.07117976779596501,0.00306600068866008,0.0,210.19,114.90346155310232,4.949357144028343,0,5,3.815949752569471,0.1643684003410566,0.0,0.984,0.5578161153406916,0.02402739776677368
45,1982,2.17e-06,0.996,0.4166414995830566,0.01650080530385575,0.0636,0.98,0.5729265170628076,0.022690367908454127,31901,2012801,221908.14553180189,8788.522286964375,0.000645,0.999,0.5464203363431149,0.02164060851616555,0.0,0.988,0.07578630425574306,0.0030014654144491903,0,11,5.1338467666976495,0.20332253518162646,0.0188,0.995,0.23401695657947177,0.009268083573487029,-39.646,-0.298,-11.170762714114955,-0.44241051557668487,0,1,0.669897755942106,0.026530848356087478,0.0233,0.966,0.1649811977161078,0.006533968951808007,35.151,213.952,118.94435280839204,4.71071079008815,1,5,3.837737352277254,0.1519909968657333,0.0283,0.996,0.5909096932678249,0.023402579461074123
46,1932,0.0328,0.996,0.9443582716049402,0.7069595194085024,0.0,0.891,0.5677048148148143,0.42499158964879863,42973,3093226,194736.9012345679,145782.707948244,0.000603,0.946,0.31120815185185197,0.23297467929759705,0.0,0.978,0.21595637111111113,0.16166789334565634,0,11,4.924691358024691,3.686691312384468,0.0305,0.891,0.21222481481481476,0.1588743992606284,-37.943,-0.735,-12.057271604938265,-9.026238447319786,0,1,0.7604938271604939,0.5693160813308742,0.0,0.961,0.11515012345679013,0.08620295748613675,0.0,220.229,115.2294987654321,86.26237892791117,0,5,3.8123456790123456,2.853974121996329,0.0,0.98,0.584741481481481,0.4377454713493529
47,1945,0.000505,0.996,0.9163746089644469,0.43255912354085563,0.0,0.901,0.4821382277176719,0.22758518968871558,17907,1946640,218346.0860381247,103066.5741731517,0.000241,1.0,0.2596502632663582,0.1225635119163425,0.0,0.999,0.40884520109222094,0.1929884570330737,0,11,5.392065945388975,2.545233463035056,0.0249,0.975,0.21076630602782118,0.09948866731517493,-36.784,-1.599,-14.436058732612043,-6.814297178988326,0,1,0.7372488408037094,0.3480058365758743,0.0,0.961,0.09981895929933025,0.047117850194552544,0.0,215.692,107.08778516228749,50.5489764105057,0,5,3.7506439979392066,1.7704280155641963,0.0,0.975,0.508963214837712,0.24024747081712103
48,1957,0.0443,0.996,0.8170047190398266,0.059876440366238834,0.0773,0.92,0.4987887888707038,0.03655510975170929,30213,2427840,226544.54555373703,16602.94078605414,0.00136,0.974,0.3061529705400981,0.022437263404102174,0.0,0.977,0.2358607879596292,0.017285707262004735,0,11,4.86442989634479,0.35650313861900645,0.0193,0.98,0.19057959629023447,0.013967150453800332,-48.361,0.219,-14.080896072013108,-1.0319572388149225,0,1,0.6677577741407529,0.04893846707448894,0.0243,0.948,0.07578289689034366,0.005553958258366323,32.408,216.126,112.03534833606061,8.21081897964896,1,5,3.816693944353519,0.27971692455320113,0.0297,0.988,0.530887261320239,0.038907534684738634
49,1943,5.62e-05,0.996,0.8488195963556845,0.8342267093123208,0.0591,0.941,0.48480787172011586,0.47647306590257954,21864,3499774,215816.88921282798,212106.57020057325,0.0076,0.961,0.28242072157434384,0.2775653510028654,0.0,0.993,0.39771437266763854,0.390876876289398,0,11,5.239795918367347,5.149713467048725,0.0288,0.977,0.22671239067055393,0.2228147564469914,-34.896,-3.164,-13.770381924198247,-13.533641833810885,0,1,0.7099125364431487,0.6977077363896987,0.0247,0.895,0.09918513119533502,0.09747994269340983,37.986,211.545,106.7908192419826,104.95487392550164,0,5,3.7113702623906706,3.6475644699141148,0.0302,0.981,0.5315814139941695,0.5224424785100281
50,1989,1.05e-06,0.996,0.3841615797672737,0.01487056336172777,0.0,0.988,0.5593557203171671,0.02165217741388997,30053,2526328,236220.46308310164,9143.890354006655,0.00123,0.999,0.5624351106992075,0.021771377959190187,0.0,0.996,0.07997325207084748,0.003095695599969714,0,11,5.238801359283287,0.2027894814466376,0.0111,0.999,0.22805603954278653,0.008827852561675129,-44.712,0.796,-11.350810627123881,-0.43938008777419896,0,1,0.6696529708577902,0.025921688836098765,0.0,0.968,0.11862195448460583,0.004591753530699053,0.0,213.237,119.16084059314163,4.612613347098693,0,5,3.87354546390691,0.14994160345358878,0.0,0.997,0.5693075563793625,0.02203740440305975
51,1996,0.0,0.996,0.3589203104760742,0.012295268408291472,0.0,0.977,0.5765692686530425,0.01975110827430874,30836,4368000,245451.73848805713,8408.259209375654,0.00276,0.999,0.5730208684232112,0.019629553344224285,0.0,0.994,0.07448078877205946,0.0025514334588618236,0,11,5.348436345727653,0.18321743996084844,0.0101,1.0,0.21650484281375612,0.007416646749689975,-48.488,-0.172,-10.149878355084969,-0.34769689829407646,0,1,0.661495526553394,0.022660364466616876,0.0,0.964,0.09701573504063019,0.0033233964959242853,0.0,217.388,119.69731584995577,4.1003826843210724,0,5,3.8860707543298036,0.13312226024413068,0.0,0.99,0.569335401789383,0.019503303031410683
52,1998,1.01e-06,0.996,0.3448890730674456,0.011318333808399798,0.0,0.988,0.5813902312184979,0.019079667127021156,6373,4150309,244476.61644931594,8023.066456444032,2.02e-05,0.999,0.6054054784542762,0.019867783092216047,0.0,0.989,0.07100569322905842,0.0023302162956787874,0,11,5.17089367149372,0.1696948533079817,0.0,0.999,0.21722036162893002,0.0071285893201283234,-43.738,2.487,-9.139983598687854,-0.29994973297695166,0,1,0.6481318505480439,0.021269947960703032,0.0,0.964,0.09858467077366187,0.003235284325720857,0.0,217.016,119.68588159052734,3.927769435969609,0,5,3.90239219137531,0.12806603897436622,0.0,0.995,0.5670744459556765,0.018609861473589187
53,1963,0.000582,0.996,0.7565396988479258,0.04482555555100499,0.0,0.883,0.49646896313364147,0.029416165629095627,32373,2563893,202735.77304147466,12012.24954947574,0.00246,0.997,0.3686364239631346,0.0218419899519441,0.0,0.99,0.2059166259239627,0.012200717514607938,0,11,5.077649769585253,0.3008546308431617,0.0259,0.984,0.20808898617511531,0.012329431520314538,-39.743,5.376,-13.206512211981526,-0.7824959452817825,0,1,0.7152073732718894,0.04237658366098883,0.0,0.957,0.06179605990783417,0.0036614637942333,0.0,212.515,113.27265184331763,6.71149122160332,0,5,3.7785714285714285,0.22388324595894293,0.0,0.992,0.5622382488479256,0.0333130460899956
54,1965,4.68e-06,0.996,0.6874891827097306,0.03998758546863737,0.0738,0.963,0.5008702010968931,0.029132952894055892,23220,3548227,202557.7209018891,11781.704178924598,0.000576,0.997,0.4280358007312613,0.024896563605430067,0.0,0.978,0.15526976348974206,0.009031215464029579,0,11,5.045906967296364,0.29349354316567433,0.023,0.982,0.2186377209018888,0.012716992166731647,-38.172,1.812,-11.942045703839096,-0.6946052174529463,0,1,0.7239488117001828,0.042108247970796465,0.0232,0.96,0.06702734105220387,0.003898623565968399,30.946,217.853,115.4972140970954,6.717858020534276,1,5,3.7972780824700387,0.2208674488120258,0.0,0.99,0.5854882998171865,0.03405473717789676
55,1985,1.11e-06,0.996,0.40124694367555513,0.015824634015409858,0.0,0.98,0.5676390356341899,0.022386911933800428,30773,3650800,225368.32594069274,8888.220416105687,0.000128,0.998,0.5574035619237483,0.02198323876445904,0.0,0.997,0.06884907173685524,0.002715313797922415,0,11,5.1943683030152,0.2048588248012366,0.0151,1.0,0.2275904061799146,0.008975856240110876,-43.945,-1.175,-11.506873909793192,-0.45381546490029956,0,1,0.6554946424121605,0.025851817636829963,0.0,0.969,0.15314149015698938,0.00603969219580749,0.0,209.057,118.45499825566901,4.671704107004219,0,5,3.8706703214552705,0.15265397580416415,0.0,0.997,0.5761644779466735,0.02272314378937236
56,2020,0.0,0.996,0.27771443650967226,0.006226262985051191,0.0,0.986,0.6544137757509032,0.014671733742309689,22688,4775518,210432.46296587514,4717.824076718307,0.0,1.0,0.6363716555747738,0.014267235559081206,0.0,1.0,0.09953448480264211,0.002231529214871221,0,11,5.344315143890549,0.11981772348264749,0.0,0.993,0.19261215599937148,0.004318298870026619,-51.8,1.509,-7.504085469413437,-0.16823903784793798,0,1,0.5702940713948734,0.01278579864967448,0.0,0.954,0.10952991036326465,0.002455623248188701,0.0,220.23,122.09435375058936,2.737313785322683,0,5,3.9497562509828588,0.08855218855220637,0.0,0.99,0.4973967785815363,0.011151466197754197
57,1960,0.0,0.996,0.7555770528073483,0.059399269153143266,0.0,0.921,0.4978365685660615,0.03913714454490271,31160,3577800,221009.8991859737,17374.570122901736,0.0,0.994,0.3496299833020237,0.027485966394827942,0.0,0.995,0.19086181924232987,0.015004495610488442,0,11,4.979336255479023,0.3914477462546862,0.0,0.987,0.2126867877269876,0.016720253351492367,-60.0,3.498,-13.45083802963891,-1.0574301396386747,0,1,0.7088290544771446,0.055724201302855256,0.0,0.971,0.10082444166144854,0.007926257322416029,0.0,240.782,112.76278668336468,8.864783666704945,0,5,3.794406178250887,0.2982951282345712,0.0,0.991,0.5348160300563554,0.04204426431255423
58,1926,0.000255,0.996,0.7854070569620256,0.40538977676950816,0.151,0.953,0.622152601969059,0.3211255898366603,51149,822857,166408.50281293952,85892.15644283126,0.00755,1.0,0.2634773206751055,0.1359944646098004,0.0,0.99,0.3231918444655415,0.16681626237023572,0,11,5.742616033755274,2.9640653357531654,0.0264,0.92,0.2114022503516175,0.10911578947368417,-32.605,-1.708,-15.927078762306603,-8.220800725952811,0,1,0.7060478199718706,0.3644283121597156,0.0277,0.964,0.35688656821378284,0.18420787658802176,47.063,220.192,113.40551125175793,58.53453248638832,1,5,3.813642756680731,1.9684210526316273,1e-05,0.97,0.539436082981716,0.2784312558983665
59,1970,2.2e-06,0.996,0.5489545399854602,0.023505567368380022,0.0663,0.938,0.4981877317339137,0.02133179423323861,31867,3136120,229030.33133406035,9806.800910541271,0.00157,0.985,0.46621255906942993,0.01996265613447991,0.0,0.988,0.11126966634678315,0.004764432112066629,0,11,5.146128680479825,0.22035098641971076,0.0156,0.99,0.218948564158488,0.009375111872057265,-42.488,-0.981,-11.697081061432195,-0.5008548192536683,0,1,0.7142857142857143,0.03058484765944012,0.0234,0.959,0.07549620138131569,0.0032326557453597497,39.522,236.799,115.2480059978192,4.93477978909686,1,5,3.8544165757906215,0.1650414413012213,0.0308,0.988,0.5707220828789508,0.024437627145025134
60,2012,0.0,0.996,0.2852496380287765,0.007465710568351321,0.0,0.986,0.5905966463752075,0.015457420577099668,13640,4792587,243709.22158273382,6378.491919387959,0.0,1.0,0.6721060387271703,0.017590729268066527,0.0,0.987,0.08037515253126758,0.0021036227419331476,0,11,5.252905368013281,0.1374819312358644,0.0,0.993,0.20938254565578437,0.005480075258756308,-37.684,0.305,-7.0639072495849575,-0.18488046951267229,0,1,0.6288876591034864,0.016459594043028773,0.0,0.943,0.07923534034311008,0.0020737909498303926,0.0,217.963,122.57331189817334,3.2080562007363604,0,5,3.9315993359158825,0.10289998232956064,0.0,0.991,0.5383590736026569,0.014090230063526712
61,1987,0.0,0.996,0.3960893327705356,0.015174365689016258,0.0,0.971,0.555277008804192,0.021272919246172268,30040,1793760,231978.73208514432,8887.212609620114,0.00164,0.998,0.5558175147665197,0.02129362627979053,0.0,0.988,0.07941224601693986,0.003042319905003027,0,11,5.1025298116571935,0.19548027905625745,0.0112,0.992,0.216440510420149,0.008291936144958982,-46.825,1.094,-11.170483227460222,-0.427946383283949,0,1,0.659422712582191,0.025262789367173143,0.0,0.964,0.10936139529700219,0.0041896856774458,0.0,217.941,118.66203075894381,4.545997327276281,0,5,3.8864370890449127,0.14889120392113656,0.0,0.99,0.5695539395965671,0.021819875073649405
62,1923,6.54e-05,0.996,0.9608224060200681,0.27864781707080505,0.214,0.893,0.5780133779264215,0.1676294859359845,115069,416984,179802.01003344482,52144.32686711932,0.0119,0.947,0.31047725752508354,0.09004141610087293,0.0,0.992,0.34003583959866196,0.09861369160038796,0,11,4.896321070234114,1.4199806013579057,0.037,0.922,0.23935785953177244,0.06941610087293885,-29.191,-2.41,-12.537816053511708,-3.6360882638215344,0,1,0.7959866220735786,0.23084384093113397,0.0258,0.949,0.08690033444816053,0.02520193986420948,61.28,207.38,118.93266555183948,34.49162657613965,1,5,3.8929765886287626,1.1290009699321002,0.0661,0.965,0.6381876254180604,0.18508060135790497
63,1941,0.00125,0.996,0.9029257311977696,0.9583158536585359,0.0,0.957,0.49018725626740994,0.5202578713968964,7523,1681129,200847.7611420613,213168.79896526254,0.00172,0.999,0.27828932451253463,0.29536102734663755,0.0,0.99,0.37966796743036163,0.4029587592239464,0,11,5.194289693593315,5.51293422025136,0.0,0.955,0.21057214484679637,0.2234897265336294,-43.469,-1.456,-14.487588440111425,-15.376331855136753,0,1,0.6942896935933147,0.7368810051736827,0.0,0.906,0.08410146239554325,0.08926067997043599,0.0,218.673,107.89086350974956,114.50944567627516,0,5,3.784818941504178,4.0169992609017084,0.0,0.981,0.4979275766016713,0.5284730229120469
64,2009,1.15e-06,0.996,0.30757328141279466,0.008211924612226263,0.0,0.979,0.5945813190247998,0.01587477607041136,30427,1898667,239026.86674307147,6381.798187978484,2.02e-05,1.0,0.6634674268701817,0.01771397199099822,0.0,1.0,0.0564798723536155,0.0015079608077321024,0,11,5.310168785163576,0.1417766378849904,0.0133,1.0,0.21022606793082022,0.005612843265978275,-41.908,0.161,-7.094811106480502,-0.18942495159782813,0,1,0.6344030006251302,0.01693797845825273,0.0,0.961,0.08543590331319041,0.0022810602857397063,0.0,216.618,122.52937768285044,3.2714220419040423,0,5,3.923213169410294,0.10474619458784963,0.0,1.0,0.559778913315277,0.014945583746884454
65,1936,4.66e-05,0.996,0.7720505477124187,0.13633407033800488,0.0,0.849,0.5824019607843136,0.10284460016488046,28800,1967537,208212.41083099906,36767.59967023908,0.00054,0.94,0.3298932212885152,0.05825484583676835,0.0,0.998,0.21591250305322124,0.03812733565869743,0,11,5.167133520074697,0.9124484748557383,0.0328,0.964,0.21281232492997193,0.03757988458367686,-34.854,3.855,-13.577422035480883,-2.3975958779884583,0,1,0.6321195144724556,0.1116240725474044,0.0,0.963,0.2849994397759107,0.05032718878812858,0.0,215.218,111.39328011204478,19.67060230832647,0,5,3.754435107376284,0.6629843363561503,0.0,0.976,0.5805175536881418,0.10251183841714752
66,2016,0.0,0.996,0.29502045628223145,0.007629306762568448,0.0,0.982,0.604909103602346,0.015643108864415993,28213,3600000,228933.2543982128,5920.274302220632,2e-05,1.0,0.6473171581494921,0.016739792333152786,0.0,1.0,0.09433373244252093,0.00243949518596618,0,11,5.362468584194359,0.13867485105614605,0.0,0.992,0.2067232151168202,0.005345916832159803,-44.41,0.77,-7.4677398305873375,-0.19311772040681277,0,1,0.6012287070650656,0.015547932839864513,0.0,0.902,0.08984042632411823,0.0023232971053739975,0.0,219.827,121.01230559434052,3.1294101197568533,0,5,3.928883924415899,0.10160197388218456,0.0,0.985,0.5031294405659508,0.013011059950652968
67,1995,1.25e-06,0.996,0.3712370519989396,0.012577006905954565,0.0,0.975,0.5649941686576417,0.019141234752213066,30387,2445534,242558.54632333422,8217.553974692164,2.03e-05,0.997,0.5646035837801979,0.01912800226726974,0.0,0.993,0.07861342704893369,0.0026633160929691612,0,11,5.203875763206796,0.17630024012732615,0.0113,0.997,0.21508616936554342,0.007286827171263875,-45.186,-0.158,-10.540805857888662,-0.35710818021842355,0,1,0.6687903725334041,0.022657709107148944,0.0,0.965,0.0943920891956465,0.0031978757273520217,0.0,217.913,120.41759614193458,4.0795845407152305,0,5,3.8867356871073357,0.13167732400401974,0.0,0.999,0.5657245022564378,0.019165977462204678
68,1931,0.0516,0.996,0.8645023206751087,0.8746512273212419,0.118,0.92,0.5505390295358656,0.5570021344717175,25893,1856960,200416.62869198312,202769.43863393788,0.00541,0.894,0.28130568565400876,0.2846081003201705,0.0,0.972,0.31983098483122313,0.32358567088580575,0,11,5.2594936708860756,5.3212379935966,0.0185,0.934,0.21119641350210988,0.2136757737459979,-39.266,-1.765,-14.173382911392409,-14.339772678762014,0,1,0.7436708860759493,0.7524012806830238,0.0255,0.962,0.1806010548523208,0.18272123799359646,35.984,217.032,111.85915084388184,113.17233191035204,1,5,3.789029535864979,3.833511205976493,0.0387,0.971,0.5666800632911388,0.5733326574172893
69,1937,0.000134,0.996,0.7495498009395187,0.5124381015656357,0.0,0.919,0.5994006459189658,0.40978695303091056,19200,2713360,182141.6183206107,124523.1537535126,0.00883,1.0,0.30294899001761577,0.20711446407065445,0.0,0.979,0.2325772069406928,0.1590040077960658,0,11,5.1503229594832645,3.521075873143326,0.0248,0.982,0.21140710510863223,0.14453083099156983,-36.493,-2.132,-15.979031708749282,-10.924243677238046,0,1,0.7310628302994715,0.4997992773986413,0.0,0.969,0.3741470346447444,0.25578980329185097,0.0,210.958,114.16676629477388,78.05138619028502,0,5,3.737522019964768,2.5551987153753295,0.0,1.0,0.5853310041103933,0.40016808510638263
70,1980,7.31e-06,0.996,0.4316270312817053,0.017209999131758157,0.0,0.961,0.5599236858228122,0.02232549272515848,30120,2796951,217084.5961279255,8655.680576319854,0.00113,0.995,0.5292417448842055,0.021102130566059862,0.0,0.991,0.08913795873422393,0.0035541430013484553,0,11,5.142139443695625,0.20502936319487594,0.0165,0.997,0.22446549442470304,0.008949974594240668,-43.842,0.82,-11.245226932973907,-0.44837401674825667,0,1,0.6935424580321039,0.02765319184279512,0.0,0.968,0.15531557407180535,0.00619280235296416,0.0,218.986,118.99406200220548,4.744577042965055,0,5,3.8323734836417107,0.15280587068468313,0.0,0.991,0.595040963117264,0.023725702322672654
71,1953,0.00213,0.996,0.8868541813208282,0.23515281836079147,0.0,0.914,0.4618118014849554,0.12245118640555352,8853,1673560,233513.97225478702,61917.133457672826,0.00131,0.999,0.2758814302461898,0.07315102890892128,0.0,0.989,0.373653370242282,0.09907563718267534,0,11,5.098866744822196,1.3519842503367472,0.0166,0.983,0.19906275889019118,0.05278226090560558,-41.647,2.177,-15.511699491989035,-4.112987151590503,0,1,0.7108245408362641,0.18847787794011722,0.0,0.965,0.10541723329425563,0.02795178737954615,0.0,208.455,109.41313755373208,29.011316858356647,0,5,3.7729581867917155,1.000414464822342,0.0,0.973,0.45721641266119645,0.12123270127447931
72,2001,2.39e-06,0.996,0.31369094731974223,0.008445156650766712,0.0604,0.974,0.5886024627171998,0.015846297271712675,30133,1807520,246311.78889040908,6631.181613251372,2.03e-05,0.999,0.6412161116842277,0.01726275672421352,0.0,0.987,0.05646667385962504,0.0015201902074853863,0,11,5.350389930223013,0.14404266839540672,0.016,0.994,0.20898488165275667,0.0056262703092942725,-34.753,0.675,-7.848745382405231,-0.21130314672049388,0,1,0.6435900944041593,0.017326668852143526,0.0227,0.958,0.07236612395676566,0.001948233630091831,48.677,217.47,120.71260678615435,3.249812857979525,1,5,3.922698043508004,0.10560648866067361,0.0306,0.985,0.571358407442878,0.01538205452154603
73,1972,7.35e-06,0.996,0.5469399401512669,0.02265283449238747,0.0,0.921,0.5132941444372134,0.021259312853678235,31453,4142067,233543.0335068315,9672.747035839397,0.00101,0.995,0.4782604033832146,0.01980830611694964,0.0,0.999,0.1086273328838644,0.004499062534155223,0,11,5.0975927130774235,0.21112907572082262,0.0127,0.99,0.2204013662979836,0.009128453247103267,-44.121,-2.053,-11.696367273910205,-0.4844332120722171,0,1,0.6956733897202342,0.028812988412823634,0.0,0.959,0.09233209173715014,0.00382415588790088,0.0,243.507,116.60906603773618,4.8296452303961095,0,5,3.8323031880286273,0.15872406359469593,0.0,0.988,0.5772699089134674,0.0239090231743466
74,1958,0.00175,0.996,0.7992472770968526,0.0615716201655156,0.0,0.918,0.48830932468156657,0.03761789013755947,31013,3523440,221941.06176399905,17097.6757077,0.00203,0.999,0.32242227589521694,0.024838447966230314,0.0,0.991,0.20010174145157358,0.015415239778942056,0,11,5.039653929343908,0.3882398681798811,0.0208,0.994,0.21192742129295836,0.016326254790513386,-39.967,2.079,-13.799049026676316,-1.0630374724603373,0,1,0.7128094208123047,0.05491270620036195,0.0,0.963,0.08443852439317459,0.0065048914150297055,0.0,215.475,112.99216438356174,8.704578453335301,0,5,3.7995674116798845,0.29270731120286,0.0,0.989,0.5253124729632298,0.040468502027289625
75,1992,0.0,0.996,0.38693829467243535,0.01355609453261558,0.0632,0.969,0.5622575703350237,0.01969827458301289,30173,1818122,238572.3844318521,8358.205534987239,0.00246,0.999,0.5505041783477469,0.019286503261713935,0.0,0.982,0.07725483512376966,0.002706565523389279,0,11,5.304901083606721,0.18585325248415896,0.00989,0.992,0.21848853663386042,0.007654582908132485,-44.041,-0.302,-11.296672134407041,-0.3957704819256124,0,1,0.6816780992146336,0.023882083735318492,0.0227,0.968,0.11128355701361896,0.0038987364124283596,35.119,219.598,120.05899930410587,4.206177487383274,1,5,3.873049010836067,0.13568938314777038,0.0188,1.0,0.5730759916492679,0.02007728990418633
76,1983,1.37e-06,0.996,0.42513501540753357,0.01609652169326135,0.0,0.985,0.5689353147835883,0.02154110883503156,30307,4585640,223844.85834738618,8475.24548139084,0.00171,0.996,0.5240359345137716,0.019841122190002433,0.0,0.994,0.09086886147414273,0.0034404896020112253,0,11,5.122681281618887,0.19395567852297355,0.0139,0.997,0.22969553119730154,0.008696764478969915,-41.808,-1.515,-11.754561551433397,-0.44505286120939647,0,1,0.6631534569983136,0.025108409375085596,0.0,0.968,0.16796240865654846,0.006359416318603884,0.0,214.489,118.32362521079263,4.479985724547067,0,5,3.843310848791456,0.14551597541834818,0.0,0.999,0.5812836706014604,0.022008644018196816
77,1954,0.0163,0.996,0.8552387389946038,0.14833237771538524,0.0,0.873,0.47230122124396545,0.0819157972513669,26253,3558362,227450.06901448453,39448.879020737906,0.00167,0.973,0.2707446861687021,0.04695788581843253,0.0,0.988,0.2935144088156773,0.05090706041278747,0,11,5.052541891508095,0.8763115117481675,0.0237,0.979,0.22445884691848883,0.038930082261957565,-43.059,1.727,-15.36664157909686,-2.665186197724247,0,1,0.7006532235160465,0.12152110733461705,0.0,0.964,0.13467668276057893,0.02335828776907542,0.0,215.126,108.93762113036045,18.894111817151828,0,5,3.7594433399602387,0.6520368454755957,0.0,0.978,0.4679596989491612,0.08116280478794141
78,2005,0.0,0.996,0.30583664281654904,0.00831497477928204,0.0,0.974,0.5896297681291203,0.016030638467504854,31586,2539418,241451.4325983178,6564.49323399348,0.0,0.999,0.6493163789497589,0.017653376210974552,0.0,0.98,0.058265198181404805,0.001584092896542985,0,11,5.320300068197318,0.1446463722524262,0.0,0.992,0.20227666515117104,0.005499423985562575,-60.0,2.534,-7.454183109797692,-0.20266160387882684,0,1,0.6369629461241191,0.017317515597814165,0.0,0.961,0.07817679017958641,0.0021254419767431005,0.0,218.061,122.05318310979787,3.3183372990979674,0,5,3.93134803364401,0.10688405237280335,0.0,0.988,0.5603991020686534,0.015235925810329315
79,1935,0.0124,0.996,0.885243378668574,0.4984623135832325,0.0,0.921,0.5280580529706501,0.29733861346231377,42475,1323160,253535.34287759484,142760.52962515142,0.00537,0.989,0.27634357193987125,0.1556033736396613,0.0,0.996,0.28461315767358614,0.16025980704151543,0,11,5.266284896206156,2.965336557839542,0.0378,0.854,0.21543414459556232,0.12130652962515108,-32.028,-1.872,-14.4565676449535,-8.14019548569125,0,1,0.7265569076592698,0.4091092301491293,0.0,0.966,0.22783486041517523,0.12828911729141482,0.0,221.741,111.15341947029354,62.58820112857719,0,5,3.7344309234073014,2.1027811366384106,0.0,0.976,0.5161062992125991,0.29060882708585206
80,1984,0.0,0.996,0.4094818184129862,0.015332931186542016,0.0,0.964,0.5734882021736294,0.02147410396461947,30280,1575107,225880.0094277858,8458.0132382792,0.00108,1.0,0.5544997184758409,0.020763085548702206,0.0,0.999,0.08121611350268428,0.0030411144612020402,0,11,5.239491947099647,0.19619129803778873,0.012,0.997,0.23001097289511685,0.008612696000078439,-42.236,-1.518,-11.364221683907282,-0.42553007540916,0,1,0.649600628519052,0.02432411229983342,0.0,0.968,0.1616408930208193,0.0060525976445669006,0.0,218.932,118.44330784339407,4.4350762524883125,0,5,3.860809218279429,0.14456691214685055,0.0,0.985,0.581401509755138,0.021770415534875447
81,1964,0.000119,0.996,0.7347085804078192,0.04309027009333118,0.0,0.924,0.5021438091233984,0.029450469121799074,33267,3551152,195881.68236283373,11488.357186008949,0.00278,0.99,0.3923471452596176,0.023010952791922033,0.0,0.982,0.16740034763296205,0.009817941950831598,0,11,5.081984443977297,0.2980557028196667,0.0206,0.982,0.21655244902249263,0.012700686730202535,-37.66,-0.045,-12.674463107000209,-0.743350565288685,0,1,0.7128442295564431,0.041807937466868006,0.0,0.951,0.06430744166491469,0.0037715974799344123,0.0,217.875,114.4578904771914,6.712894808221034,0,5,3.79314694134959,0.22246606418525006,0.0,0.997,0.5802230817742283,0.03402977721337951
82,2000,0.0,0.996,0.3202982503472739,0.009205829439897084,0.0608,0.979,0.5892296894106119,0.01693530331731901,31027,3634149,244676.1127415016,7032.341136653584,2.03e-05,1.0,0.6339408310467106,0.018220365422774564,0.0,0.997,0.059388073010515886,0.0017068980873489175,0,11,5.349351919784788,0.1537480187110966,0.0136,0.996,0.21985775250672626,0.006319025996619078,-40.486,1.25,-8.28006077280508,-0.23798077930111072,0,1,0.6424553680606505,0.018465085384327742,0.0223,0.958,0.08946084617265845,0.0025712325637790453,32.675,210.618,120.03764172169258,3.450053363885889,1,5,3.9074345805820494,0.11230525379828885,0.0,0.995,0.5745900709219857,0.016514539761085568
83,1981,3.43e-06,0.995,0.4121922392552634,0.016368637199830772,0.0,0.98,0.5565621653236281,0.022101736267025895,30107,2578147,223524.18481933975,8876.40750661941,0.00175,0.999,0.5466333961528459,0.021707453199758416,0.0,0.981,0.08540801962698207,0.0033916526176135226,0,11,5.090590070184559,0.2021533014363967,0.0189,0.997,0.23471119053808231,0.009320656622743867,-42.212,-1.099,-11.143589940213223,-0.4425250246452904,0,1,0.684169482713803,0.027169172486054854,0.0,0.966,0.14064294255263818,0.0055850961811415665,0.0,216.891,119.25742032752774,4.735852014720073,0,5,3.87548739277359,0.1539001491620685,0.0,0.997,0.5950027553938119,0.023628257178101537
84,2010,2.26e-06,0.996,0.30832248500264703,0.008294022286099184,0.0,0.979,0.5952939332980434,0.016013691474727205,28656,4995083,250198.6569613552,6730.463517027487,2.01e-05,0.999,0.6525981370884066,0.017555201959505426,0.0,0.998,0.059080294028586805,0.001589288161511097,0,11,5.353943885653785,0.1440236507751044,0.0137,0.997,0.2123483218634207,0.005712271402897663,-44.761,0.687,-7.290684595023815,-0.19612290200479024,0,1,0.636209634727369,0.01711434340902688,0.0,0.959,0.07901488618316589,0.0021255382231728575,0.0,214.047,121.59962075172103,3.2710879470477807,0,5,3.9205929062996296,0.105465824003371,0.0,0.995,0.5511517543673908,0.014826245752743506
85,1986,1.03e-06,0.996,0.39330760573955786,0.015511108955921024,0.0,0.965,0.5736765233415241,0.02262442660439345,30133,3109721,227363.16683046683,8966.658162227091,0.000126,0.998,0.5638445503685529,0.022236677163981016,0.0,0.991,0.07734277691646212,0.003050213680584493,0,11,5.202825552825553,0.20518696524258423,0.00986,0.991,0.2235664692874703,0.008816925514287612,-39.307,-1.192,-11.166234766584727,-0.44036952645807836,0,1,0.671007371007371,0.026462921870915066,0.0,0.968,0.13312517199017174,0.0052501375955659344,0.0,243.759,119.14389115479099,4.698749401653092,0,5,3.8803439803439805,0.15303146287342767,0.0,0.992,0.5891985257985235,0.02323657716495
86,2011,1.42e-06,0.996,0.3009525451308086,0.00806157537175324,0.0,0.988,0.5918506069485125,0.015853822650542984,30027,4685927,242810.31372959397,6504.127234808338,2e-05,1.0,0.6577720565090023,0.017619651658621675,0.0,0.993,0.06995216111134371,0.0018737991365748777,0,11,5.329426538300544,0.1427586322888789,0.0147,0.993,0.20479420259522874,0.005485794776056643,-41.766,0.189,-7.2555530556718235,-0.1943535243957817,0,1,0.6293428212641272,0.01685812155563335,0.0,0.944,0.07673674131435708,0.0020555367744756908,0.0,215.537,122.93515519045624,3.2930474768880593,0,5,3.9294683968187525,0.10525814173830256,0.0,1.0,0.5466881875261626,0.014644062992302559
87,1976,3.96e-06,0.995,0.48877391541153525,0.01999266096665807,0.0717,0.944,0.5237651328580681,0.021423931182111586,30667,3377907,241824.86471160076,9891.531403463421,0.00357,0.994,0.5133529455605967,0.020998034210125218,0.0,0.994,0.10584851281108246,0.004329595675487606,0,11,5.158457550226831,0.21099999337271047,0.00572,0.997,0.22406968891769322,0.009165279042487616,-36.42,0.852,-11.101044394037581,-0.45407377510918545,0,1,0.6881075826312378,0.02814614523066563,0.0231,0.961,0.0856801036941025,0.00350463314578073,36.925,231.459,117.72384332469197,4.81534061673659,0,5,3.8642255346727157,0.1580611169652459,0.0242,0.994,0.5824658619572267,0.023825008118443187
88,1940,0.00152,0.996,0.9319134303215884,0.7664225062972273,0.0648,0.952,0.5086133741704952,0.4182928631402185,18018,1917870,191125.30525778458,157184.91729638955,0.00135,0.991,0.33146467585502803,0.27260256087321594,0.0,0.987,0.361363493210822,0.2971918905121744,0,11,5.172537008677897,4.253988245172063,0.0339,0.969,0.21842261357835646,0.17963471872376152,-43.821,-0.574,-12.238807044410436,-10.06541687657429,0,1,0.6697294538029607,0.5507976490344093,0.0261,0.953,0.09224701378254228,0.07586561712846336,31.21,221.058,109.21421184277708,89.81974853064634,1,5,3.7662072485962224,3.0973971452559783,0.0,0.994,0.5977119142419611,0.49156911838790923
89,2008,1.15e-06,0.996,0.31316286522516784,0.008689203354235873,0.0,0.985,0.5886161934477395,0.01633209543789981,18467,2677054,239612.80249609984,6648.4395129988925,3.09e-05,0.999,0.6591050952574097,0.018287922485275408,0.0,0.998,0.0560359352605304,0.0015548064304286213,0,11,5.286947477899116,0.14669479322076517,0.00838,1.0,0.21396038273531087,0.005936672197709275,-42.536,0.36,-7.20849578783149,-0.20001121695442572,0,1,0.6438897555902237,0.01786574860978364,0.0,0.959,0.07604475299011967,0.002109983002865555,0.0,218.32,122.52573281331254,3.399671949533824,0,5,3.9300052002080084,0.10904426469358433,0.0,0.994,0.5678053666146679,0.015754665843262735
90,2017,0.0,0.996,0.27989636206109136,0.006773328032401296,0.0,0.977,0.612957968185809,0.014833223833364788,29954,4018399,227742.55645554798,5511.236482146237,2.01e-05,1.0,0.6600770182980346,0.015973477249433255,0.0,1.0,0.09154333725578195,0.0022152951465614964,0,11,5.393285839757978,0.13051435858680757,0.0176,0.988,0.20676715136137544,0.005003643963725713,-57.093,1.634,-7.28431209134378,-0.1762760863404495,0,1,0.5887576851761491,0.014247591158133885,0.0,0.935,0.10134181711720502,0.002452412620442095,0.0,219.978,121.65922133307264,2.9440819029850918,0,5,3.9347125988094076,0.09521774041184482,0.0,1.0,0.4881745995901255,0.011813539396372544
91,1948,0.000507,0.996,0.9345760610576889,0.5429939125698325,0.0,0.898,0.44831225961538346,0.26047192737430214,13453,1700987,212554.4403846154,123495.3173184357,0.000245,0.956,0.24915157692307752,0.14475845810055799,0.0,0.992,0.34040961662980823,0.19777988899161944,0,11,5.126442307692308,2.978491620111746,0.0348,0.97,0.21924932692307667,0.12738508379888203,-55.0,-2.306,-14.696393269230741,-8.538686592178772,0,1,0.7,0.4067039106145387,0.0,0.955,0.08770610576923074,0.05095773743016745,0.0,209.055,105.75866298076943,61.44637402234636,0,5,3.7293269230769233,2.166759776536371,0.0,0.984,0.4501135096153851,0.2615184636871504
92,1999,1.11e-06,0.996,0.3350488773743919,0.010655400680593298,0.0,0.967,0.5826922365988908,0.018531085085518432,30840,3478906,245685.83061670308,7813.430050207531,0.000239,1.0,0.6195270829272397,0.01970252624870737,0.0,0.994,0.06786375963535553,0.002158238989704655,0,11,5.292387833977482,0.16831130242860576,0.0108,0.998,0.21737914636195757,0.006913205984283089,-42.66,0.135,-8.90850646950093,-0.28331300985712643,0,1,0.6518232229877332,0.020729625087178502,0.0,0.966,0.09804887413880062,0.0031182018827138197,0.0,223.291,119.72429415224374,3.807534994268488,0,5,3.9006889598386825,0.12405176260600013,0.0,0.996,0.5702000168039004,0.018133800938952088
93,1962,2.62e-06,0.996,0.7531952453469988,0.055779447046097885,0.0,0.927,0.48977582746103,0.03627137186684597,32000,2586607,210780.6079436259,15609.798165572874,0.00232,0.998,0.37132600896861,0.027499323159642607,0.0,0.993,0.18597408672005122,0.01377269942452752,0,11,5.116591928251121,0.37891990195302766,0.0267,0.985,0.21684313474268657,0.01605877125009883,-44.831,1.184,-12.97606000427077,-0.9609692259033769,0,1,0.7063847960708948,0.05231280145489472,0.0,0.967,0.08823100576553475,0.0065341314145647466,0.0,236.134,113.99654046551359,8.442251901636736,0,5,3.764467221866325,0.27878548272318565,0.0,0.993,0.550355413196668,0.04075771961730061
94,2002,0.0,0.996,0.33415129318331643,0.009363774904600981,0.0,0.991,0.5899908853278748,0.01653305541135741,30240,3639107,245842.49232867372,6889.136170090796,0.0,0.999,0.6276924094328911,0.01758954866001901,0.0,0.975,0.05599253377542923,0.001569054177874309,0,11,5.361404705080123,0.15024028891996188,0.0,0.996,0.21027778156608756,0.005892521903075528,-60.0,0.501,-8.05994522104786,-0.22586030439781185,0,1,0.6513240140925105,0.018251766736624913,0.0,0.962,0.08299864757358824,0.002325834641732254,0.0,216.096,120.2467354244802,3.3696214454278293,0,5,3.9096488237299694,0.10955837157681422,0.0,1.0,0.5634021832026362,0.015787971891451195
95,1900,0.139,0.139,0.139,0.007315789473684211,0.659,0.659,0.659,0.03468421052631579,233920,233920,233920.0,12311.578947368422,0.791,0.791,0.791,0.04163157894736842,1.63e-06,1.63e-06,1.63e-06,8.578947368421053e-08,2,2,2.0,0.10526315789473684,0.161,0.161,0.161,0.008473684210526316,-4.895,-4.895,-4.895,-0.2576315789473684,1,1,1.0,0.05263157894736842,0.0295,0.0295,0.0295,0.0015526315789473684,141.999,141.999,141.999,7.473631578947368,4,4,4.0,0.21052631578947367,0.956,0.956,0.956,0.05031578947368421
96,1929,0.121,0.996,0.9540234445446378,2.7409637305699435,0.0912,0.937,0.6050826871055001,1.7384370466321262,62212,1450347,187742.43552750227,539394.7176165804,0.0217,0.975,0.3212406672678085,0.9229427461139892,0.0,0.976,0.3691183828313799,1.060498151709846,0,11,5.047790802524797,14.502590673575178,0.0305,0.964,0.1903594229035168,0.54691347150259,-29.861,-1.638,-11.489445446348055,-33.00983160621763,0,1,0.7430117222723174,2.1347150259067424,0.0259,0.942,0.10561731289449959,0.30344455958549205,55.434,218.762,118.9174328223624,341.65656217616646,1,5,3.862037871956718,11.095854922279829,0.0338,0.973,0.6484465284039687,1.863023834196892
97,1928,0.000131,0.996,0.9408362924528288,0.640233289382712,0.065,0.901,0.5411828737300435,0.36827160493827105,34133,1053600,211609.38534107403,143998.88049382728,0.00164,0.937,0.24244529753265603,0.16498252839506172,0.0,0.984,0.4547671017706818,0.3094662055506175,0,11,5.33744557329463,3.632098765432104,0.0286,0.973,0.17398519593613937,0.11839585185185182,-40.34,-2.374,-15.89684905660375,-10.81770765432099,0,1,0.7351233671988389,0.500246913580252,0.0257,0.963,0.14786465892597966,0.10062098765432109,37.596,214.258,109.1079165457184,74.2472637037037,1,5,3.816400580551524,2.597037037037065,0.0324,0.976,0.5224061683599417,0.3554941728395062
98,1933,0.00404,0.996,0.8309224407431128,0.2558828033142632,0.0623,0.92,0.5913870595771943,0.1821178141645303,57980,2193058,185948.6207559257,57262.930952850635,0.00404,0.984,0.3109571684817418,0.09575934898402051,0.0,0.984,0.2048211577962844,0.06307473413296509,0,11,4.780909673286355,1.4722825014795695,0.0251,0.954,0.20346944266495842,0.0626584730716118,-34.752,-0.677,-13.44449071108262,-4.140234760307753,0,1,0.7136450992953235,0.21976721246794714,0.0231,0.968,0.23728641896220382,0.07307242059577825,33.944,208.135,112.5712440743113,34.66634681396723,1,5,3.783472133247918,1.1651213257052935,0.034,0.979,0.5994171044202442,0.18459066877096086
99,2021,1.04e-06,0.996,0.2702361532604528,0.007146835262712261,0.0,0.987,0.6623969078766815,0.01751816521219474,23493,3753333,197772.09349556308,5230.405164967806,1.99e-05,1.0,0.6317625672948485,0.016707990174996298,0.0,1.0,0.13514913984630858,0.0035742391487045217,0,11,5.270515048943372,0.13938735565163185,0.0119,0.989,0.18123389442868923,0.004793025551445235,-41.41,1.317,-7.808710273534022,-0.2065140628515706,0,1,0.5350837068886652,0.01415116023061909,0.0,0.966,0.12370895617967301,0.003271684856637558,0.0,220.47,121.81819403531154,3.2216805718529984,0,5,3.9441039246180587,0.10430825286758763,0.0,0.986,0.5001563278748513,0.013227448799123102
100,1993,1.17e-06,0.996,0.38688933187516883,0.01245275330784021,0.0,0.978,0.5731208545405857,0.018446961518895636,12678,2276400,241275.14505759443,7765.889656748178,0.00254,0.998,0.5493175810340224,0.017680808853326846,0.0,0.999,0.06767875736806853,0.0021783667841161016,0,11,5.182159121350121,0.16679743746713827,0.0166,0.998,0.21452234128047237,0.006904800869122853,-39.662,-1.484,-11.03463755692471,-0.35517034980470613,0,1,0.6769354406643451,0.02178842721527195,0.0,0.967,0.09156500133940529,0.002947190008536032,0.0,216.97,120.04720693811956,3.8639428129230176,0,5,3.876908652558264,0.12478552151683692,0.0,0.996,0.5788593222609185,0.018631664784141966
